url,label
https://youtube.com/home,1
https://l.ead.me/bfRE7s,-1
https://www.apple.com,1
https://l.ead.me/bfFZZy,-1
https://netzero-webmail-f439ac.webflow.io/,-1
https://www.oracle.com/home,1
https://www.paypal.com/about,1
https://stopsoriasis.co.il/Webmail/webmail.php?email=a@b.com,-1
https://ms-canis.securen.net/,-1
https://www.oracle.com/account,1
https://q-r.to/bfHe0H,-1
https://auth-bitpanda.web.app/,-1
https://medium.com/account,1
https://pub-1e4f523fe3cb46e987453e942dc4ddc7.r2.dev/tas888.html,-1
https://zoom.us/products,1
https://uber.com,1
https://spotify.com/account,1
https://eu.jotform.com/app/251955948479378,-1
https://www.intel.com/contact,1
https://www.microsoft.com/products,1
https://oracle.com/home,1
https://cnn.com/home,1
https://reddit.com/login,1
https://zoom.us/account,1
https://l.ead.me/bfNLdP,-1
https://www.linkedin.com/login,1
https://www.stackoverflow.com/about,1
https://bafkreiczdmuypiz5ag6qt42aw4iyv5dkw34cqr6bm5hnbvvknvszypv46i.ipfs.dweb.link/,-1
https://q-r.to/bgaHpD,-1
https://www.salesforce.com/products,1
https://www.amazon.com/about,1
https://www.yahoo.com/products,1
https://www.nvidia.com/about,1
https://campsite.bio/kayert,-1
http://allegro.pl-oferta2799065.cfd,-1
https://www.udemy.com/account,1
https://bbc.com/services,1
https://q-r.to/bgfi5S,-1
https://tucompraonline.webcindario.com/,-1
https://docs.google.com/presentation/d/e/2PACX-1vRrlaHqt8U-mYaYip9CV_e8ndulW-UMLf_dO2_RIcbNDXaX0asAqUsacOvVfqzaHNeehPSpFmydslX5/pub?start=false&amp;loop=false&amp;delayms=3000,-1
https://www.bing.com/services,1
https://routemain.web.app/,-1
https://www.amazon.com/products,1
https://pub-4312c4dca4844bac9e424878d445260c.r2.dev/index.html,-1
https://b74o64.webwave.dev/,-1
https://veificabnl.click/it/,-1
https://bafkreieujjrztf55l6dndcpdgxlu7dsr53rdadyerzuf3y6hgonkim6jle.ipfs.dweb.link/,-1
https://qrco.de/bfLW8S,-1
https://www.flipkart.com/contact,1
https://q-r.to/bfN8KI,-1
https://app.jotform.com/250423446181552,-1
https://fsu-fr.weebly.com/,-1
https://bdescon12empresas.blogspot.com/,-1
https://www.wikipedia.org/account,1
https://qfh6yyag.cn/w/2/da/ds=docomos/,-1
https://gilly.jpod14031.pro/captcha.php,-1
https://qrco.de/bgcC9T,-1
https://forms.office.com/pages/responsepage.aspx?id=DQSIkWdsW0yxEjajBLZtrQAAAAAAAAAAAAO__oDQzt9UMERKWTVWOURBUlVKQUJHRzk0VzNEQ05ENi4u&route=shorturl,-1
https://goldexcorp.com/?from=campaign&amp;token=zjdiyapqxl,-1
https://nekenearsten.firebaseapp.com/,-1
https://www.amazon.com/account,1
https://stackoverflow.com/login,1
https://www.nvidia.com/services,1
https://www.twitter.com,1
https://socrk-ae90a.web.app/,-1
http://213.253.215.149:80/mainFrame.htm,-1
https://microsoft.com/login,1
https://docs.google.com/presentation/d/e/2PACX-1vRCQq_GfqSTnylN1H18RiKysyu8F-8-4c1A90RS-mEGYQxTDhIAqc7P8XDst7bsMP1KtLZ32afHbY7E/pub?start=false&amp;loop=false&amp;delayms=3000&amp;slide=id.p,-1
https://docs.google.com/presentation/d/e/2PACX-1vRuNpYEGl_ouurPN7-8zkkTRGPp0a0xwPahNUv9TQNF10aERNeJZiKgFhe44N9tPg2WyIIvIDBQ23lV/pub?start=false,-1
https://www.zoom.us/products,1
https://instagram.com/products,1
https://google.com/about,1
https://www.nytimes.com,1
https://www.live.com/about,1
https://live.com/services,1
https://www.oracle.com/login,1
https://www.medium.com/contact,1
https://jjkfjkdjkdjkuxux.weebly.com/,-1
https://bing.com/contact,1
https://www.paypal.com/account,1
https://forms.gle/i1eBEg6CEaYRQAg67,-1
http://cx61897.tw1.ru/web/depart.php,-1
https://www.bing.com/products,1
https://oi8uytt.firebaseapp.com/,-1
https://amazon.com/about,1
https://sites.google.com/view/bt4c6f19szyqbp8fus2y75jx8l9stu,-1
https://l.ead.me/bgc2kl,-1
https://bing.com/products,1
https://paypal.com/contact,1
https://www.nvidia.com/home,1
https://udemy.com/home,1
https://www.dropbox.com/about,1
https://www.reddit.com/login,1
https://www.facebook.com/products,1
https://www.github.com/login,1
https://spotify.com/services,1
https://qrco.de/bgcBDR,-1
https://l.ead.me/bgaMsn,-1
https://www.dropbox.com/products,1
https://bt-6hnl4.daftpage.com/,-1
https://q-r.to/bfNy1A,-1
https://wikipedia.org/contact,1
https://q-r.to/bfKXLT,-1
https://www.coursera.org,1
https://paypal.com,1
https://bit.ly/ihe_check_1?utm_source=Inside+Higher+Ed&utm_campaign=5e05e5cf75-S2_DailyNews_COPY_01&utm_medium=email&utm_term=0_-284161f8c0-238016430&mc_cid=5e05e5cf75&mc_eid=UNIQID),-1
https://google.com,1
https://view.forms.app/fuyfgvu/untitled-form,-1
https://www.reddit.com/home,1
https://pub-c8ec3170dbc04f55b2f9a52b8a2a4eda.r2.dev/okejitubototogel.html,-1
https://inform-01.firebaseapp.com/,-1
https://www.nytimes.com/products,1
https://intel.com,1
https://q-r.to/bfJMe5,-1
https://zoom.us,1
https://instagram.com/services,1
https://q-r.to/xma2z4hnu01j,-1
https://tinyurl.com/y2vh95bw,-1
https://ier.m-pages.com/ioLgfQ/icc,-1
https://docs.google.com/presentation/d/e/2PACX-1vQepzu0Oy7K4MB-cXQhSt6aLhuwRL1xOecf-x7Nfsi01bB1FtNUzVMTclK-cAJgYMLJIf-MBmL5xwLJ/pub,-1
https://ledgzercomstrat.gitbook.io/us/,-1
https://docs.google.com/presentation/d/e/2PACX-1vQALS-hdcvFqDq_vscxW92ege11bUaPBXWgcn-AYaubAlPTTwB1BtpttD74A0AisDMH1kpsDEHxvyOB/pub?start=false&loop=false&delayms=3000&slide=id.p,-1
https://office.com/home,1
https://cjkmmigeqxvjuwxjtcrorrafl.com∕cjkmmigeqxvjuwxjtcrorrafl∕cjkmmigeqxvjuwxjtcrorrafl∕cjkmmigeqxvjuwxjtcrorrafl@trial-memory-3601.hlni6zme9.workers.dev/,-1
https://outl00kmsnqww.weebly.com/,-1
https://cfspart-idp-impots.jetmaillog.com/oauth2/308cc/,-1
https://apple.com/login,1
http://orsotoscani1ito.blogspot.com/?m=1,-1
https://docs.google.com/presentation/d/e/2PACX-1vSfUrA4Vl5EDclQvmGPZAydHImBJEOoX1M0uoMn4qA4GmBbS1gw2rU2vuaEfutp7HWDGPnPurPYuNEJ/pub?start=false&amp;loop=false&amp;delayms=3000,-1
https://live.com/about,1
https://gov-zaw.click/mvc,-1
https://kundenfang.sbs/AKMf8RXTA,-1
https://live.com/login,1
https://nytimes.com/contact,1
https://docs.google.com/presentation/d/e/2PACX-1vR9S24wEABLiBN6XRrL_Y5KN370oGz5FudcPsDGb8Kznae5ng_uVefMbpDzQXEIhK4Ma3MzM7L9Cn2w/pub?start=false&amp;loop=false&amp;delayms=3000,-1
https://q-r.to/bgbxMl,-1
https://review-10101010.firebaseapp.com/,-1
https://mail-service-premium.weebly.com/,-1
https://sites.google.com/view/bancodebogota1/inicio,-1
https://www.amazon.com,1
https://kztorgteh.kz/wordpress/vzpCZ/,-1
https://qrco.de/bfN6tC,-1
https://www.coursera.org/account,1
https://q-r.to/bgb5ua,-1
https://www.bbc.com/about,1
https://facebook.com/login,1
https://pub-a635234c07ca4430a86f3921b0ec193c.r2.dev/link.html,-1
https://link.edgepilot.com/s/45132acf/4i3EZ83Ut0OTsiPoK3Arng?u=https://redirecttooo2.com/,-1
https://www.google.com/services,1
https://office.com/account,1
https://q-r.to/bfKRFM,-1
https://l.ead.me/bgaDDn,-1
https://zh-apps-jnsports.com/e/aPcOHlAfkaPRDMyeEQpG,-1
https://l.ead.me/bgbmPc,-1
https://forbes.com/login,1
https://www.zoom.us,1
https://udorafd.github.io/papamustpa.github.io/gmx_world.html,-1
http://authenticate-0oxsoxauthe.pages.dev/authenticate,-1
https://www.udemy.com/products,1
https://www.francemaladieservice.com/,-1
https://atineddikkom.web.app/,-1
https://www.ibm.com,1
https://whatsapp.com,1
https://artistamp.it/email/web/,-1
https://www.bbc.com/home,1
https://www.flipkart.com/about,1
https://bit.ly/4bD2tZc,-1
https://docs.google.com/presentation/d/e/2PACX-1vTfF_Y0oymNoXwnBycdduQ6spRr0fk--bmUNdt2CBdc5eajXZ3WxLDWd8JOpcYnEZOtUQzX4k1fYQY7/pub?start=false&amp;loop=false&amp;delayms=3000,-1
https://reddit.com,1
https://domappcheckomeg24.web.app/,-1
https://www.carpetbuyingtips.com/?_scpr=9JAoT28wHY0vh2h608kenibZ,-1
https://erreur-c1-bbox.pages.dev/,-1
https://facebook.com/contact,1
https://docs.google.com/presentation/d/e/2PACX-1vSIgLWXw4RWhax_OCr43KLAiUQssXX5XMcqHVhQQbCZrDtZzwjVoKVuqIXeOwryiQeDWumWS2MvYD7h/pub?start=false&amp;loop=false&amp;delayms=3000&amp;slide=id.p,-1
https://login.applecvie.com/login,-1
https://www.dropbox.com/scl/fi/6fotkkesdepaq5pz20q5p/Kindly-update-your-AT-T-Mailbox-to-avoid-email-shutdown-permanently-Type-something-to-get-started-1.paper?rlkey=znfl7iqncwfyztlo21cvn8jrs&dl=0,-1
https://wikipedia.org/products,1
http://spemail5.online//about.aspx?subid=250544844&amp;campid=1938378,-1
https://ksqqq.top/jp/,-1
https://facebook.com/home,1
https://linkedin.com/home,1
https://q-r.to/bfKAok,-1
https://www.nytimes.com/home,1
https://office.com/services,1
https://www.quora.com/account,1
https://new.express.adobe.com/webpage/LPG1oYZUF3TpS,-1
https://flipkart.com/about,1
https://pub-041ebeea6c48441dba71ae73e4d57d8e.r2.dev/index.html,-1
https://qrco.de/bgbH2Z,-1
https://pub-57101e7d7e08497bb50a165ee30ff8d4.r2.dev/Roundcube_Webmail_Welcome%20%282%29.html,-1
https://www.google.com/products,1
https://www.github.com/services,1
https://www.uber.com/contact,1
https://www.medium.com,1
https://www.genspark.ai/api/files/s/lHxVEIMg,-1
https://qrco.de/bgOadl,-1
https://sat.skhvgo.cc/,-1
https://away.vk.com/away.php?rh=52c8ee29-7b62-4ac4-bb5a-e8fff07b7294,-1
https://mail-austral-edu-ar.weebly.com/,-1
https://www.salesforce.com,1
https://ibm.com/services,1
https://hm.ru/ifGwVq,-1
https://kuucnlgen.gitbook.io/us/,-1
https://earlier-polygon-187454.framer.app/,-1
https://qrco.de/bfGaUX,-1
https://sites.google.com/view/mlkjqa/accueil,-1
https://new.express.adobe.com/webpage/MGdbWINCvfUtE,-1
https://new.express.adobe.com/webpage/rJA7C5qu2FXGd,-1
https://zoom.us/services,1
https://udemy.com/contact,1
https://oracle.com/products,1
https://webmail.sfr-inc.com/,-1
https://www.wikipedia.org/contact,1
https://google.com/home,1
https://www.forbes.com/home,1
https://facebook.com/account,1
https://www.udemy.com,1
https://l.ead.me/bfHsmX,-1
https://www.facebook.com/contact,1
https://agakhanacademies.weebly.com/,-1
https://www.stackoverflow.com/account,1
https://www.youtube.com/account,1
https://dyc.esl.mybluehost.me/d.php,-1
https://sparkass-sidcheck2.firebaseapp.com/,-1
https://docs.google.com/presentation/d/e/2PACX-1vTBG9AkqhZ76-hrfwKSy_mPPgPps5f6sn0_sCT5sC9ebeL88wu3A6ZP-431lY72mFF9_pVF0UZGvmUL/pub?start=false&amp;loop=false&amp;delayms=3000&amp;slide=id.p,-1
https://www.medium.com/account,1
https://mainnethub-protocol.firebaseapp.com/,-1
https://www.youtube.com/services,1
https://www.bing.com/login,1
https://serwer2479343.home.pl/,-1
https://pub-98eed43fb21643d79cbe4afaf7498928.r2.dev/index.html,-1
https://www.dropbox.com/scl/fi/ydctfdtmerg3ohql8cqnd/BT-BROADBAND.papert?rlkey=ihk29vla0311958q6qfkhxmxm&st=iim496rc&dl=0,-1
https://www.medium.com/services,1
https://2fhqtt.share-eu1.hsforms.com/2jgk5P2LGSFGaCC72LdWa1g,-1
https://www.cnn.com,1
https://www.apple.com/about,1
https://dropbox.com/products,1
https://www.horsesmarts.net/secure.online-tax.irs.clients/start.html,-1
https://us19.campaign-archive.com/?u=90f14327d247a1d5aa5a01e17&id=d8a10b6c27,-1
https://www.abcsubmit.com/view/id_1ftb7k8ik_11di?utm=abcsubmit,-1
https://www.uber.com/products,1
http://dairian-washington-s-school.teachable.com/p/verse,-1
https://nvidia.com/home,1
https://radios-app.web.app/,-1
https://github.com/home,1
https://q-r.to/bgaisz,-1
https://docs.google.com/presentation/d/e/2PACX-1vQrR3GJooO-_KdeiMI4Ry8A921Aal7fK3qHUEJfZJ2ywU2qPMFaY5e6YU14aJOitcbkqMgc83xw3cRz/pub?start=false&loop=false&delayms=3000,-1
https://new.express.adobe.com/webpage/P9HrQyVdm05WR,-1
https://quora.com/about,1
https://q-r.to/bfIIid,-1
https://www.netflix.com/login,1
https://reddit.com/home,1
https://github.com/products,1
https://docs.google.com/drawings/d/15HSYMUN1ATCErdJroHqqZ516-Ir6-yxnMjXD146XySQ/edit,-1
https://github.com/services,1
https://www.dropbox.com/home,1
https://qrco.de/bfUlMA,-1
https://www.medium.com/about,1
https://l.ead.me/bgbp4N,-1
https://airbnb.com/products,1
https://nvidia.com/services,1
https://docs.google.com/presentation/d/e/2PACX-1vQPS2cF7SDQjxK5cNZyzaOdWNls6kMoCtsLSZXfGUe9qpKNObdq-p-lBe5SNO58RA5ogiH9PdoZBTmO/pub?start=false&amp;loop=false&amp;delayms=3000,-1
https://www.dropbox.com/services,1
https://apolintresin.weebly.com/,-1
https://l.ead.me/bgZVcq,-1
https://us15.campaign-archive.com/?u=dba96a03f793a2a593fb166f1&id=ee3dd03845,-1
https://twitter.com/contact,1
https://qrco.de/bem0R0?dE=t7cHA6QV,-1
https://adobe.com/about,1
https://bbxcavrbbwxpynpqx.firebaseapp.com/,-1
https://qrco.de/bfImJt,-1
https://www%2Egoogle%2Ecom%2Ebr-851523897convites@vpblac-170866271738.southamerica-east1.run.app/,-1
https://l.ead.me/bfIxjR,-1
https://www.github.com,1
https://www.whatsapp.com,1
https://www.instagram.com/login,1
https://microsoft.com/contact,1
https://www.bbc.com/products,1
https://flipkart.com/contact,1
https://us19.campaign-archive.com/?u=11f08db0dfe3b7740d5b5cdee&id=0cd34299a7,-1
https://twitter.com/account,1
https://a.rs6.net/1/pc?ep=815265ee5288c2a7P8jVGT9i2hu88oLf5ioUhLaa3urDQZb6rBUSTbXouPxtUA7jVlcpE0wSqC91S4bbjdIw9s8R-ftEb4TXYZ4hPAoHqoiW2hi9gGby3hYU6U-4pCbhbqn1S1FN_9GibFQbtE67PnIAwKoWI8G9-NsKfBcLGgwF3yKRffDblYC76PFCwkwbz_XI13-mjJCnOKZCTBCoXD7_pQz4uTFV3JDO2u_EOWAuxZJs8Sjt14Nf5Cg&amp;amp;c=,-1
https://live.com/home,1
https://re-register-user-login.web.app/,-1
https://pshmaisjrveris.id-842524.com/455593365297,-1
https://github.com/account,1
https://www.github.com/products,1
https://www.airbnb.com/contact,1
https://www.live.com,1
https://youtube.com/products,1
https://www.zoom.us/services,1
https://www.cnn.com/services,1
https://udemy.com/products,1
https://www.udemy.com/about,1
https://latam.orbitor.dev/ipfs/bafybeib3akl4qjotpnzpkesju3uiam22cztrmy7u6wsy46s7oteorniege/,-1
https://l.ead.me/bfLAr3,-1
https://www.netflix.com/home,1
https://www.facebook.com/home,1
https://google.com/account,1
https://cnn.com/services,1
https://www.twitter.com/login,1
https://utp-uiv.weebly.com/,-1
https://www.cnn.com/login,1
https://l.ead.me/bfImJt,-1
https://aitimaanatherisi.web.app/,-1
https://q-r.to/bgau6U,-1
https://www.office.com/home,1
https://www.rewardprediction.cfd/gatway/check.php?r=,-1
https://bafkreigu4vawlzngapfcvmz3ty56vaquug6ywsd2zfszyr6qekjkmq446y.ipfs.dweb.link/,-1
http://allegrolokalne.pl-58192479.sbs,-1
https://www.coursera.org/services,1
https://nbb888898.weebly.com/,-1
https://bbc.com/products,1
https://twitter.com/home,1
https://campsite.bio/attmaill,-1
https://www.microsoft.com/home,1
https://adobe.com/services,1
https://qr-codes.io/ML6pX5,-1
https://cnn.com/account,1
https://www.quora.com,1
https://creditoenlineapichincha.lovable.app,-1
https://www.bing.com,1
https://l.ead.me/bgaFyi,-1
https://www.apple.com/products,1
https://docs.google.com/presentation/d/e/2PACX-1vRRJj_ndYjoNP5tG3QGu9jMb4tHJrSAYQSCdZBOj4xTYw07nFBb741Qdb9HwOVBoK6OqZffO1G5NQSd/pub?start=false&amp;loop=false&amp;delayms=3000,-1
https://facebook.com/products,1
https://sicovalvmail.weebly.com/,-1
https://bit.ly/4gFLdWS,-1
https://docs.google.com/presentation/d/e/2PACX-1vRfe-UzuBIINppn6DBzhEvd4HxmqLwTWJhg-gF1VgUvbL3WgdQIMyQlW3_b7U2lewgQpnM-rI6MXJdu/pub?start=false&loop=false&delayms=3000,-1
https://apple.com,1
https://new.express.adobe.com/webpage/96yG0qH8wSaWs,-1
https://docs.google.com/presentation/d/e/2PACX-1vTuD-WYPmWu9WY4MM4GRgdbYHMvupidl2rrmF-i9WCwV6ZBb_JaL94dXk9cRCj1DZMYFTgU_LRP3B6B/pub,-1
https://docs.google.com/presentation/d/e/2PACX-1vS00HiNTIfypw4M5gRoT2ax3SzOA4lds6FlJ_VgJO_fHRNG_0WNdBBDf7PqLcv_Qf6BE515XoE5Zguf/pub?start=false&amp;loop=false&amp;delayms=3000,-1
https://ipfs.best-practice.se/ipfs/QmY3sMP4NCuLh69oFiCrPpcsYYrW58cyZY6RBJiaXc3PsL/,-1
https://qrco.de/bfJXjb,-1
https://daaaaaummmmkkkaaako.weebly.com/,-1
https://www.udemy.com/home,1
https://www.office.com/products,1
https://docs.google.com/presentation/d/e/2PACX-1vQ-fMaQSFSvBkOipieTmKPeH8zkOhmrlDBzk3PbH8nunDNH0VfhWVI6MDcBOu1ovBQy-oktYQ84E8Mf/pub?start=true&amp;loop=true&amp;delayms=1000,-1
https://l.ead.me/bgabI9,-1
https://did.li/SH4TY,-1
https://www.dropbox.com/scl/fi/bgyureyvhichns9o6qgk7/Welcome-to-New-Advanced-Security.paper?dl=0&rlkey=gzwbf3xk7t00heqej6d1t7kjl,-1
https://nvidia.com/account,1
https://www.instagram.com/contact,1
https://melkonjlo.web.app/,-1
https://rcl.ink/rZtHt,-1
https://www.whatsapp.com/account,1
https://www.facebook.com,1
https://qrco.de/bfO74s,-1
https://www.stackoverflow.com/home,1
https://nytimes.com/login,1
https://youtube.com/services,1
https://webmail-venturecomm-net.weebly.com/,-1
https://paypal.com/login,1
https://www.zoom.us/contact,1
https://qrco.de/bfOBJU,-1
https://l.wl.co/l?u=https://qrco.de/bfEM48,-1
https://www.wikipedia.org/services,1
https://bnfpruebaa.webcindario.com/index1.html,-1
http://allegrolokalnie.09123.top,-1
https://q-r.to/bgcHsr,-1
https://yahoo.com/login,1
https://l.ead.me/bfIS5g,-1
https://royallmaiillllll.weebly.com/,-1
https://orangepro0.godaddysites.com/,-1
https://l.ead.me/bgD3BY,-1
https://www.dropbox.com/login,1
https://www.microsoft.com/account,1
https://l.ead.me/bfRudn,-1
https://reddit.com/about,1
https://sites.google.com/l0gin-microsoftwebonlne.app/r75567?usp=3Dsharing,-1
https://dropbox.com/home,1
https://center-intro.ghost.io/suite-en/,-1
https://bing.com,1
https://dropbox.com/about,1
https://validarbdv.webcindario.com/,-1
https://youtube.com/account,1
https://wewewecodesadwewesadwe.weebly.com/,-1
https://vista.froodaifroo.ru.com/VKot5V0Q4D@/,-1
https://lineheightborder.firebaseapp.com/,-1
http://link.intergreat.com/Vxw_HSy,-1
https://www.cnn.com/about,1
https://docs.google.com/presentation/d/e/2PACX-1vShK3kH1dbWjVdyWvtIkOFVpSOEqAQDrbeDt5nOv2SNqyBdHhwcKxMvu7MWjaPbhl5l3GHHhZPPoWFj/pub?start=false&loop=false&delayms=3000&slide=id.p%3E,-1
https://www.intel.com/account,1
https://amazon.com/contact,1
https://l.wl.co/l?u=https://qr-codes.io/RQVxEt,-1
https://ibm.com/account,1
https://bafkreid3xurc6iyhtcrm25pvkzyzgquqspeg4xjytpx56ziqu3bg5wschq.ipfs.dweb.link/,-1
https://nnfems.com/Webmail/73/Webmail/webmail.php,-1
https://spiceocean.co.uk/restaurant/menu/spice-ocean/?NZ,-1
https://instagram.com/contact,1
https://twitter.com/products,1
https://nytimes.com/account,1
https://acceso-al-correo-electronico.webflow.io/,-1
https://nytimes.com/services,1
https://udemy.com/services,1
https://airbnb.com,1
https://www.youtube.com/contact,1
https://kcmgbaja15.firebaseapp.com/,-1
https://sites.google.com/view/delokarminosat/,-1
https://bit.ly/4fgSdIs,-1
https://www.nvidia.com/contact,1
https://www.github.com/about,1
https://apple.com/services,1
https://www.zoom.us/account,1
https://youtube.com/contact,1
https://quora.com/contact,1
https://whatsapp.com/account,1
https://twitter.com,1
https://new.express.adobe.com/webpage/BF7aX94dDoi80,-1
https://www.werkonban.online,-1
https://qrco.de/bgbc4L,-1
https://docs.google.com/presentation/d/e/2PACX-1vTbSXcivdmBNt4vgegXgoXuGQI34LDTIiyMsxLG73vS-RuAbw2vf-QDj_xbYazWYYPU0JdVzbaiOSbB/pub?start=false&amp;loop=false&amp;delayms=3000&amp;slide=id.p,-1
https://www.reddit.com/contact,1
https://agaasia.ro/netbn.csecbn/mynetbnksnnp/403.php,-1
https://quora.com/login,1
https://www.nvidia.com,1
https://qrco.de/behqTX,-1
https://www.bellows-covers.com/scvsss/sso.login/login2.php,-1
https://github.com/contact,1
https://dreambigviews0987653.weebly.com/,-1
https://reddit.com/contact,1
https://www.github.com/contact,1
https://rcl.ink/zFFJK,-1
https://www.medium.com/login,1
https://docs.google.com/presentation/d/e/2PACX-1vT3Hl79RS66iNVDexdtbpP5cG-ZD5puBfXp-sibh0i2xzfSqIMjSiACDSSFMoA6WmU_e2oUxs2yGBfT/pub?start=false&amp;loop=false&amp;delayms=3000,-1
https://l.ead.me/bgbO3x,-1
https://www.boutiques-dofus.fr/mmorpg-03/actualites/,-1
https://www.office.com/login,1
https://www.google.com/about,1
https://www.live.com/home,1
https://eresterilres.vercel.app/cpsess66789876545/roundcube/user-systms/jhsgdfglovichsfds/,-1
https://www.spotify.com/about,1
https://yahoo.com/about,1
https://bit.ly/ihe_check_1?utm_source=Inside+Higher+Ed&utm_campaign=5772752f20-S2_DailyNews_COPY_01&utm_medium=email&utm_term=0_-284161f8c0-238016430&mc_cid=5772752f20&mc_eid=UNIQID),-1
https://stackoverflow.com/about,1
https://adobe.com/home,1
https://nonlinearpost.com/sugs05nn,-1
https://videotronwebmai1.weebly.com/,-1
https://yahoo.com/products,1
https://eaquisolisita-pc.webcindario.com/,-1
https://netflix.com/services,1
https://www.wikipedia.org,1
https://www.bluffsidemedia.com/att?hxxps://i19bct-aq.myshopify.com/discount/EAQTMNXJ,-1
https://bing.com/login,1
https://stackoverflow.com/services,1
https://docs.google.com/drawings/d/1ziB-xHGvFisypx-Yv4d3RVVHxk-DrCqB8m1nt-om-yI/edit,-1
https://stackoverflow.com/contact,1
https://www.nytimes.com/contact,1
https://linkedin.com/login,1
https://qrco.de/bgbkdt,-1
https://docs.google.com/presentation/d/e/2PACX-1vT_BrTsgtkqpUjytGbtvgveGKb3lIC0gROPEdNSAm8osqsTRLrVWnFSgy2hfvGa30LgIzp_-PDXEiUe/pub?start=true&amp;loop=true&amp;delayms=3000&amp;slide=id.p,-1
https://www.salesforce.com/account,1
https://new.express.adobe.com/webpage/blo3LcEQ5mhzM,-1
https://www.uber.com/home,1
https://assets-started.ghost.io/suite-enus/,-1
https://adobe.com,1
https://ipfs.orbitor.dev/ipfs/bafkreihxkhc3zqivf7yc4ii5no5a7wuzk7j3rqg25dvwt4w6k3gd7tgmyi/,-1
https://facebook.com/about,1
https://linqapp.com/familygood,-1
https://q-r.to/bfKau6,-1
https://qrco.de/bfd9ml,-1
https://domappcheckomeg20.web.app/,-1
https://www.reddit.com/account,1
https://pub-7facb6727f1942b8beeddeb3c09d2c77.r2.dev/andreacoelhoadvogadosfddefer4434343443.html,-1
https://www.uber.com/login,1
https://clubdelisa.org/luks/9/=/-/=/,-1
https://medium.com/home,1
https://zoom.us/home,1
https://docs.google.com/drawings/d/1DyOz7xP_2nHN3bsD9o46kgJVfiw-zvlH7C63XnX0V-M/edit,-1
https://www.microsoft.com/login,1
https://cnn.com,1
https://mreiayapp-paquet.com/,-1
https://www.flipkart.com/products,1
https://forbes.com/home,1
https://www.reddit.com,1
https://linkedin.com/account,1
https://www.ibm.com/home,1
https://bbc.com/login,1
https://ee-schedule-payment.web.app/,-1
https://l.wl.co/l?u=https://qr-codes.io/U8QRZo,-1
https://ipfs.io/ipfs/QmemvcT4aVx1N3wf26vRevvFtAy2xs3EtZEWURPhL6rVfH,-1
https://www.google.com/account,1
https://myvmi-sti.firebaseapp.com/,-1
https://www.nytimes.com/login,1
https://l.ead.me/bfJMy6,-1
https://whatsapp.com/services,1
https://www.yahoo.com/account,1
https://docs.google.com/presentation/d/e/2PACX-1vQcnY-xw7j9OnYp21khr1nBIwYA3n6NkOinSBQfEdxxiGoBP2zENH1VaDo4_m08W3Ff7Lgx3sn7jTdY/pub?start=false&amp;loop=false&amp;delayms=3000,-1
https://cnn.com/login,1
https://leedgr-liveapp.wixstudio.com/en-us,-1
https://www.coursera.org/contact,1
https://express.adobe.com/page/QcPhVDV5gemUs/,-1
https://caseid1008956783495835.web.app/,-1
https://docs.google.com/drawings/d/1ruUgwB-rgNZfbuaor7AK15eU9Di0m9tzH0mMXjfKLq4/edit,-1
https://new.express.adobe.com/webpage/T3eFtUISPWviu,-1
https://quora.com,1
https://github.com/login,1
https://www.bing.com/home,1
https://qrco.de/bgbVmm,-1
